count,mean,std,min,25%,50%,75%,max
382.0,2.845549738219895,1.363074564788427,-2.0,2.0,3.0,4.0,5.0
382.0,2683.544502617801,1384.5832756088323,272.0,1649.75,2512.0,3876.0,9999.0
381.0,7450.181102362205,5204.6262473889865,-6888.0,3488.0,6075.0,9946.0,24865.0
